{
    "Logistic Regression": {
        "Accuracy": 0.8858695652173914,
        "ROC_AUC": 0.8803204208512673,
        "Precision": 0.8715596330275229,
        "Recall": 0.9313725490196079,
        "F1 Score": 0.9004739336492891,
        "MCC": 0.7693833294492657
    },
    "Decision Tree": {
        "Accuracy": 0.7771739130434783,
        "ROC_AUC": 0.7715208034433285,
        "Precision": 0.7850467289719626,
        "Recall": 0.8235294117647058,
        "F1 Score": 0.8038277511961722,
        "MCC": 0.5471455436735193
    },
    "KNN": {
        "Accuracy": 0.8858695652173914,
        "ROC_AUC": 0.8827116212338593,
        "Precision": 0.8857142857142857,
        "Recall": 0.9117647058823529,
        "F1 Score": 0.8985507246376812,
        "MCC": 0.7686001458761952
    },
    "Naive Bayes": {
        "Accuracy": 0.9130434782608695,
        "ROC_AUC": 0.9131994261119082,
        "Precision": 0.93,
        "Recall": 0.9117647058823529,
        "F1 Score": 0.9207920792079208,
        "MCC": 0.8246260961195151
    },
    "Random Forest": {
        "Accuracy": 0.8913043478260869,
        "ROC_AUC": 0.8888091822094691,
        "Precision": 0.8942307692307693,
        "Recall": 0.9117647058823529,
        "F1 Score": 0.9029126213592233,
        "MCC": 0.7796718554527856
    },
    "XGBoost": {
        "Accuracy": 0.8586956521739131,
        "ROC_AUC": 0.8570062171209948,
        "Precision": 0.8725490196078431,
        "Recall": 0.8725490196078431,
        "F1 Score": 0.8725490196078431,
        "MCC": 0.7140124342419895
    }
}